Model,Test MAE (°C),Test RMSE (°C)
GRU,0.16112485527992249,0.2275618431246318
Persistence Baseline,0.15639887750148773,0.23591312509903756
LSTM,0.22964023053646088,0.3266214481792775
