Model,Dataset,Loss,MAE,RMSE
LSTM,Train,0.0022396910935640335,0.02829740382730961,0.03964746370911598
LSTM,Validation,0.002196807647123933,0.02710840292274952,0.039102952927351
LSTM,Test,0.002093096962198615,0.026543661952018738,0.03775354102253914
GRU,Train,0.00130673055537045,0.02059733308851719,0.028714347630739212
GRU,Validation,0.0012183499056845903,0.018796635791659355,0.02713179774582386
GRU,Test,0.0011740860063582659,0.018624113872647285,0.02630343660712242
