accuracy,loss,val_accuracy,val_loss,learning_rate
0.7439000010490417,0.49746212363243103,0.8191999793052673,0.3988553583621979,0.0010000000474974513
0.8941500186920166,0.27115508913993835,0.8485999703407288,0.39847874641418457,0.0005000000237487257
