accuracy,loss,val_accuracy,val_loss,learning_rate
0.7688999772071838,0.4754728376865387,0.7972000241279602,0.44978082180023193,0.0010000000474974513
0.8547999858856201,0.3605383336544037,0.8503999710083008,0.3638463616371155,0.0010000000474974513
0.9093499779701233,0.24083130061626434,0.8500000238418579,0.38871529698371887,0.0010000000474974513
0.9383000135421753,0.17564520239830017,0.855400025844574,0.4321194291114807,0.0005000000237487257
