accuracy,loss,val_accuracy,val_loss,learning_rate
0.555649995803833,0.6791592836380005,0.7106000185012817,0.5637036561965942,0.0010000000474974513
0.7783499956130981,0.47426337003707886,0.7706000208854675,0.5377542972564697,0.0010000000474974513
0.8891000151634216,0.26980623602867126,0.7644000053405762,0.6079749464988708,0.0010000000474974513
0.9779499769210815,0.0763830617070198,0.7554000020027161,0.7116782069206238,0.0005000000237487257
