method,dataset,accuracy,precision,recall,f1_score,training_time_seconds
VADER,Twitter Tweets,0.6314046579330422,0.6535792439702949,0.6460916524182596,0.6293959986243247,No training
RNN,IMDB Reviews,0.7666,0.8524590163934426,0.6448,0.7342291049874744,33.70126295089722
LSTM,IMDB Reviews,0.84208,0.8509520682862771,0.82944,0.8400583373845406,23.832881450653076
GRU,IMDB Reviews,0.82252,0.8820240689851228,0.74464,0.8075304732572767,11.408485412597656
