word_1,word_2,similarity
book,story,0.7434436082839966
book,novel,0.7726986408233643
love,loved,0.7261335849761963
character,story,0.692116916179657
author,book,0.7013384103775024
series,book,0.7584807872772217
star,good,0.4334486722946167
