{
    "method": "VADER",
    "dataset": "Twitter Tweets",
    "accuracy": 0.6314046579330422,
    "precision_macro": 0.6535792439702949,
    "recall_macro": 0.6460916524182596,
    "f1_macro": 0.6293959986243247,
    "precision_weighted": 0.6569906669565793,
    "recall_weighted": 0.6314046579330422,
    "f1_weighted": 0.6230280612115227,
    "training_time_seconds": "No training"
}